Parent_keyword,Keyword_name,volume
best supplements for immune system,,
,best supplements for immune system,1000
,best supplement for immune system,590
best fiber supplement for constipation,,
,best fiber supplement for constipation,1900
,best fiber supplements for constipation,480
,what is the best fiber supplement for constipation,170
,best daily fiber supplement for constipation,70
best fiber supplements for constipation,,
,best fiber supplements for constipation,480
,what is the best fiber supplement for constipation,170
,best daily fiber supplement for constipation,70
what is the best fiber supplement for constipation,,
,what is the best fiber supplement for constipation,170
,best daily fiber supplement for constipation,70
best supplements for muscle growth reddit,,
,best supplements for muscle growth reddit,140
,best legal supplements for muscle growth reddit,20
